{"metadata":{"asset_id":"9f0a345c-beb0-4bbe-91a3-ae127cfecc01","asset_attributes":["data_asset"],"name":"churnrisk.csv","asset_type":"data_asset","created_at":"2021-09-23T06:17:50Z","description":"","origin_country":"us","owner_id":"IBMid-50BXGQTPX5","project_id":"61682f19-f2c4-4f3a-ac53-465c00a7b09f","size":183044,"tags":[],"usage":{"last_update_time":1632377871249,"last_updated_at":"2021-09-23T06:17:51Z"}},"entity":{"data_asset":{"mime_type":"text/csv","dataset":false}},"attachments":[{"id":"c7e39224-af70-4f98-a9ec-e0665bc95566","version":2,"asset_type":"data_asset","name":"churnrisk.csv","mime":"text/csv","datasource_type":"193a97c1-4475-4a19-b90c-295c4fdc6517","object_key":"churnrisk.csv","creator_id":"IBMid-50BXGQTPX5","create_time":1632377871249,"size":183044,"is_remote":false,"is_managed":false,"is_referenced":true,"is_object_key_read_only":true,"is_user_provided_path_key":true,"transfer_complete":true,"is_partitioned":false,"complete_time_ticks":1632377871249,"user_data":{},"test_doc":0,"handle":{"bucket":"introtomlworkshop-donotdelete-pr-zfvusada2kojh0","location":"us-geo","key":"churnrisk.csv","upload_id":"done","max_part_num":1},"usage":{"access_count":0,"last_accessor_id":"IBMid-50BXGQTPX5","last_access_time":1632377871249}}]}
