{"metadata":{"asset_id":"0c59098f-1181-418b-917c-3e5c2aa47082","asset_attributes":["notebook"],"name":"optional-python-exercises","asset_type":"notebook","created_at":"2021-09-22T18:12:29Z","description":"","origin_country":"us","owner_id":"IBMid-50BXGQTPX5","project_id":"61682f19-f2c4-4f3a-ac53-465c00a7b09f","size":32953,"tags":["notebook"],"usage":{"last_update_time":1632334350164,"last_updated_at":"2021-09-22T18:12:30Z"}},"entity":{"notebook":{"kernel":"","originates_from":{"type":"blank"},"runtime":{"environment":"conda2py38-61682f19-f2c4-4f3a-ac53-465c00a7b09f"}}},"attachments":[{"id":"6b91f875-13be-44e5-b0be-76af13d4e188","version":2,"asset_type":"notebook","name":"attachment for notebook 0c59098f-1181-418b-917c-3e5c2aa47082","description":"attachment for notebook 0c59098f-1181-418b-917c-3e5c2aa47082","mime":"application/json","datasource_type":"193a97c1-4475-4a19-b90c-295c4fdc6517","object_key":"notebook/optional-python-exercises_fZIPlp6qO.ipynb","creator_id":"IBMid-50BXGQTPX5","create_time":1632334350163,"size":32953,"is_remote":false,"is_managed":false,"is_referenced":true,"is_object_key_read_only":false,"is_user_provided_path_key":true,"transfer_complete":true,"is_partitioned":false,"complete_time_ticks":1632334350163,"user_data":{},"test_doc":0,"handle":{"bucket":"introtomlworkshop-donotdelete-pr-zfvusada2kojh0","location":"us-geo","key":"notebook/optional-python-exercises_fZIPlp6qO.ipynb","upload_id":"done","max_part_num":1},"usage":{"access_count":0,"last_accessor_id":"IBMid-50BXGQTPX5","last_access_time":1632334350163}}]}
