{"metadata":{"asset_id":"13c31e65-6452-4769-a901-d3c8c715dcfa","asset_attributes":["notebook"],"name":"classification-exercise","asset_type":"notebook","created_at":"2021-09-23T06:16:46Z","description":"","origin_country":"us","owner_id":"IBMid-50BXGQTPX5","project_id":"61682f19-f2c4-4f3a-ac53-465c00a7b09f","size":22831,"tags":["notebook"],"usage":{"last_update_time":1632379960615,"last_updated_at":"2021-09-23T06:52:40Z"}},"entity":{"notebook":{"kernel":{"name":"python3","display_name":"Python 3.8","language":"python"},"originates_from":{"type":"blank"},"runtime":{"environment":"conda2py38-61682f19-f2c4-4f3a-ac53-465c00a7b09f"}}},"attachments":[{"id":"56f3c4ed-e022-4924-a5a9-0e2db2408203","version":2,"asset_type":"notebook","name":"attachment for notebook 13c31e65-6452-4769-a901-d3c8c715dcfa","description":"attachment for notebook 13c31e65-6452-4769-a901-d3c8c715dcfa","mime":"application/json","datasource_type":"193a97c1-4475-4a19-b90c-295c4fdc6517","object_key":"notebook/classification-exercise_DxPs2ZIrl.ipynb","creator_id":"IBMid-50BXGQTPX5","create_time":1632377806892,"size":22831,"is_remote":false,"is_managed":false,"is_referenced":true,"is_object_key_read_only":false,"is_user_provided_path_key":true,"transfer_complete":true,"is_partitioned":false,"complete_time_ticks":1632377806892,"user_data":{},"test_doc":0,"handle":{"bucket":"introtomlworkshop-donotdelete-pr-zfvusada2kojh0","location":"us-geo","key":"notebook/classification-exercise_DxPs2ZIrl.ipynb","upload_id":"done","max_part_num":1},"usage":{"access_count":0,"last_accessor_id":"IBMid-50BXGQTPX5","last_access_time":1632377806892}}]}
