{"metadata":{"asset_id":"691f8c61-5741-4221-b8dd-42cc9a75a56f","asset_attributes":["notebook"],"name":"optional-seaborn-exercises","asset_type":"notebook","created_at":"2021-09-22T18:13:15Z","description":"","origin_country":"us","owner_id":"IBMid-50BXGQTPX5","project_id":"61682f19-f2c4-4f3a-ac53-465c00a7b09f","size":18587,"tags":["notebook"],"usage":{"last_update_time":1632334395849,"last_updated_at":"2021-09-22T18:13:15Z"}},"entity":{"notebook":{"kernel":"","originates_from":{"type":"blank"},"runtime":{"environment":"conda2py38-61682f19-f2c4-4f3a-ac53-465c00a7b09f"}}},"attachments":[{"id":"70b1fdd0-acdd-4036-9a35-bca33d413841","version":2,"asset_type":"notebook","name":"attachment for notebook 691f8c61-5741-4221-b8dd-42cc9a75a56f","description":"attachment for notebook 691f8c61-5741-4221-b8dd-42cc9a75a56f","mime":"application/json","datasource_type":"193a97c1-4475-4a19-b90c-295c4fdc6517","object_key":"notebook/optional-seaborn-exercises_8fni0GZQz.ipynb","creator_id":"IBMid-50BXGQTPX5","create_time":1632334395848,"size":18587,"is_remote":false,"is_managed":false,"is_referenced":true,"is_object_key_read_only":false,"is_user_provided_path_key":true,"transfer_complete":true,"is_partitioned":false,"complete_time_ticks":1632334395848,"user_data":{},"test_doc":0,"handle":{"bucket":"introtomlworkshop-donotdelete-pr-zfvusada2kojh0","location":"us-geo","key":"notebook/optional-seaborn-exercises_8fni0GZQz.ipynb","upload_id":"done","max_part_num":1},"usage":{"access_count":0,"last_accessor_id":"IBMid-50BXGQTPX5","last_access_time":1632334395848}}]}
